{
  "manifest": {
    "publishingInformation": {
      "locales": {
        "en-US": {
          "summary": "Poetry-nizer recites a poem if you ask it to.",
          "examplePhrases": [
            "Alexa recite poetry",
            "recite a poem",
            "help"
          ],
          "keywords": [
            "poetry"
          ],
          "name": "Poetry-nizer",
          "description": "Sample Full Description",
          "smallIconUri": "file://assets/images/en-US_smallIconUri.png",
          "largeIconUri": "file://assets/images/en-US_largeIconUri.png"
        }
      },
      "automaticDistribution": {
        "isActive": false
      },
      "isAvailableWorldwide": true,
      "testingInstructions": "No, just say recite poetry and then recite a poem",
      "category": "CHILDRENS_CREATIVITY",
      "distributionCountries": []
    },
    "apis": {
      "custom": {
        "endpoint": {
          "uri": "arn:aws:lambda:us-east-1:880854339062:function:30b72925-4c33-4776-8230-e65503f2e0b0:Release_0"
        },
        "interfaces": [
          {
            "supportedViewports": [
              {
                "minHeight": 540,
                "mode": "TV",
                "shape": "RECTANGLE",
                "maxHeight": 540,
                "minWidth": 960,
                "maxWidth": 960
              },
              {
                "minHeight": 480,
                "mode": "HUB",
                "shape": "ROUND",
                "maxHeight": 480,
                "minWidth": 480,
                "maxWidth": 480
              },
              {
                "minHeight": 600,
                "mode": "HUB",
                "shape": "RECTANGLE",
                "maxHeight": 600,
                "minWidth": 1024,
                "maxWidth": 1024
              },
              {
                "minHeight": 800,
                "mode": "HUB",
                "shape": "RECTANGLE",
                "maxHeight": 800,
                "minWidth": 1280,
                "maxWidth": 1280
              },
              {
                "minHeight": 480,
                "mode": "HUB",
                "shape": "RECTANGLE",
                "maxHeight": 480,
                "minWidth": 960,
                "maxWidth": 960
              }
            ],
            "type": "ALEXA_PRESENTATION_APL"
          }
        ],
        "regions": {
          "EU": {
            "endpoint": {
              "uri": "arn:aws:lambda:eu-west-1:880854339062:function:30b72925-4c33-4776-8230-e65503f2e0b0:Release_0"
            }
          },
          "NA": {
            "endpoint": {
              "uri": "arn:aws:lambda:us-east-1:880854339062:function:30b72925-4c33-4776-8230-e65503f2e0b0:Release_0"
            }
          },
          "FE": {
            "endpoint": {
              "uri": "arn:aws:lambda:us-west-2:880854339062:function:30b72925-4c33-4776-8230-e65503f2e0b0:Release_0"
            }
          }
        }
      }
    },
    "manifestVersion": "1.0",
    "privacyAndCompliance": {
      "allowsPurchases": false,
      "locales": {
        "en-US": {}
      },
      "containsAds": false,
      "isExportCompliant": true,
      "isChildDirected": false,
      "usesPersonalInfo": false
    }
  }
}